id;gender_type;name;lastname;idcard_type;card_expiring_date;birth_date;card_number;card_country;nationality
1;MALE;Guinea-Bissau parsing;Ports deposit Bedfordshire;Passport;digital;payment Technician;Netherlands;39059;36232
2;MALE;Refined Buckinghamshire;networks Rubber;Idcard;empower Officer Peso Uruguayo Uruguay Peso en Unidades Indexadas;Research overriding Licensed Rubber Chair;clicks-and-mortar Som action-items;43119;60892
3;FEMALE;Handmade Plastic Chicken pixel;COM;Idcard;invoice Stravenue;Gorgeous Concrete Bike;Nakfa;43424;786
4;FEMALE;Handcrafted Djibouti Franc solid state;Plastic Director empowering;Passport;Licensed Frozen Chicken Usability;methodology Books;Licensed Concrete Mouse compressing Afghani;15946;61464
5;MALE;optimize Brand ADP;Branding Web;Passport;Savings Account benchmark;Representative Ford;flexibility Forward Falkland Islands (Malvinas);90802;71201
6;MALE;Towels;program;Passport;database;Sleek Cotton Soap Car;Home Loan Account;84962;74925
7;MALE;Automated cultivate;Investment Account mobile Frozen;Idcard;Borders implement Networked;firewall Salad GB;Pants;28533;50548
8;FEMALE;streamline Credit Card Account;quantify;Passport;Checking Account;Manager FTP;Delaware panel;9095;67236
9;MALE;connecting Security complexity;Associate Beauty Analyst;Idcard;Practical Soft Towels lavender;Handcrafted Steel Cheese salmon;24/365 impactful;14980;61903
10;MALE;HDD;Checking Account;Passport;Refined;Indonesia sky blue;Malagasy Ariary;86560;37085
